model,sample,coef,se,p,n_obs,n_clusters,r2
unemp_U4_countryFE_clustered,full 2020–2022,0.0132586287373374,0.0051451312209707,0.0099682934373939,506,169,0.9882755706255466
unemp_U6_countryFE_clustered_drop2020,drop 2020,0.0116788623415227,0.0063330532845162,0.065166755419762,337,169,0.9951380189482316
gdp_G3_countryFE_clustered,full 2020–2022,-0.0756463136120037,0.0395449182891359,0.0557581376703817,531,177,0.5958531118505221
gdp_G5_countryFE_clustered_drop2020,drop 2020,-0.0105481705957268,0.045166228092985,0.8153412584821492,354,177,0.6402494574353262
gdp_G4_winsorised_countryFE_clustered,full 2020–2022,-0.0661853026486419,0.0362007194435544,0.0675064985398262,531,177,0.5945283033999778
gdp_G6_winsorised_countryFE_clustered_drop2020,drop 2020,-0.0076761678251061,0.0444978099875725,0.8630392392332294,354,177,0.6439671538781738
