term,coef,se_hc1,t,p,n_obs,r2
Intercept,-2.968970942469691,1.1631472087764656,-2.5525324052428426,0.010694296081538336,531,0.40384571606010455
C(year)[T.2021],9.805142550091604,0.6143910170817112,15.959124201823357,2.461613710778307e-57,531,0.40384571606010455
C(year)[T.2022],7.769835567623332,0.7741390313756996,10.036744373702211,1.0508531357958412e-23,531,0.40384571606010455
stringency_index_mean,-0.030863446856165138,0.021819083222932068,-1.4145162077079094,0.1572103919889792,531,0.40384571606010455
cases_pm_mean,0.00041588785846715835,0.0008402630258304704,0.49494961182674596,0.6206356891759065,531,0.40384571606010455
deaths_pm_mean,0.17541540590427812,0.14203205969872473,1.2350409215804192,0.2168152747293981,531,0.40384571606010455
