term,coef,se_hc1,t,p,n_obs,r2
Intercept,-2.9689709424693356,1.163147208776451,-2.5525324052425695,0.010694296081546723,531,0.40384571606010433
C(year)[T.2021],9.805142550091615,0.6143910170817138,15.959124201823306,2.4616137107803794e-57,531,0.40384571606010433
C(year)[T.2022],7.769835567623497,0.7741390313756977,10.036744373702447,1.0508531357933228e-23,531,0.40384571606010433
stringency_index_mean,-0.030863446856167154,0.02181908322293202,-1.414516207708005,0.1572103919889512,531,0.40384571606010433
cases_pm_mean,0.0004158878584654183,0.000840263025830456,0.4949496118246836,0.6206356891773622,531,0.40384571606010433
deaths_pm_mean,0.1754154059042737,0.14203205969872418,1.235040921580393,0.21681527472940776,531,0.40384571606010433
