term,coef,se_hc1,t,p,n_obs,r2
Intercept,-2.9559668705257884,1.2970426328134803,-2.279005173572323,0.022666757762060705,531,0.3189078816945403
C(year)[T.2021],9.79406235779281,0.6910195104287707,14.173351417698312,1.3395203045831715e-45,531,0.3189078816945403
C(year)[T.2022],7.987286446957018,0.9774263656186514,8.17175260245978,3.0394131858856393e-16,531,0.3189078816945403
stringency_index_mean,-0.029623400013135265,0.025158945432637612,-1.1774499886114507,0.2390159476591811,531,0.3189078816945403
cases_pm_mean,0.00016676071390162267,0.0009461525994922538,0.17625139326480066,0.8600964467057367,531,0.3189078816945403
deaths_pm_mean,0.1814432846612089,0.14956619537195195,1.2131303080216937,0.22508000401771566,531,0.3189078816945403
