term,coef,se_hc1,t,p,n_obs,r2
Intercept,-2.9559668705261464,1.2970426328134972,-2.2790051735725694,0.02266675776204605,531,0.3189078816945402
C(year)[T.2021],9.7940623577928,0.691019510428768,14.173351417698353,1.3395203045824065e-45,531,0.3189078816945402
C(year)[T.2022],7.987286446956849,0.9774263656186504,8.171752602459614,3.039413185889801e-16,531,0.3189078816945402
stringency_index_mean,-0.029623400013133277,0.025158945432637653,-1.1774499886113696,0.2390159476592134,531,0.3189078816945402
cases_pm_mean,0.00016676071390338748,0.0009461525994922389,0.1762513932666687,0.8600964467042691,531,0.3189078816945402
deaths_pm_mean,0.18144328466121326,0.1495661953719524,1.2131303080217193,0.22508000401770611,531,0.3189078816945402
