term,coef,se_hc1,t,p,n_obs,r2
Intercept,3.453115656776232,1.3038549187273705,2.648389485040752,0.008087628756867415,359,0.08536075570791091
C(year)[T.2021],4.163756368817097,1.0976810791087364,3.7932296074538012,0.00014870053940466393,359,0.08536075570791091
C(year)[T.2022],5.921917869262434,1.3975609874453043,4.237323395873768,2.2620021458834564e-05,359,0.08536075570791091
stringency_index_mean,0.04932427515466778,0.02327353313839119,2.1193290619594074,0.03406266724104765,359,0.08536075570791091
cases_pm_mean,-0.0005658427363126327,0.000809829090930824,-0.6987187082428078,0.4847278399572795,359,0.08536075570791091
deaths_pm_mean,0.4380352697013213,0.1781457603289382,2.4588587956991437,0.013937942571361536,359,0.08536075570791091
vax_end,-0.06361927281460593,0.013457842714992648,-4.727300962117143,2.2752390781949018e-06,359,0.08536075570791091
