term,coef,se_hc1,t,p,n_obs,r2
Intercept,4.277077512062706,1.1500358237022943,3.719081983284286,0.00019994815195050015,506,0.06469482218132994
C(year)[T.2021],2.6785683092571375,0.9392538292480844,2.851804513164938,0.0043471825998612395,506,0.06469482218132994
C(year)[T.2022],4.41846601917089,1.1805078076702553,3.7428520086544617,0.00018194339399686712,506,0.06469482218132994
stringency_index_mean,0.05531178340704198,0.019924319671790466,2.7760939554364956,0.005501630724004882,506,0.06469482218132994
cases_pm_mean,-0.0007668737705855056,0.0008083155974261625,-0.9487306356915345,0.3427576284906648,506,0.06469482218132994
deaths_pm_mean,0.39520650863657086,0.16327765541007117,2.4204567835323902,0.01550102169923677,506,0.06469482218132994
vax_filled,-0.05549734644177866,0.012091696028896709,-4.589707375140032,4.438678274675088e-06,506,0.06469482218132994
vax_missing,0.9444441674321956,0.7847068235202523,1.2035630876705645,0.22875849364231127,506,0.06469482218132994
