term,coef,se_hc1,t,p,n_obs,r2
Intercept,6.274798043941907,1.067236768413903,5.879480757833459,4.115554366282423e-09,506,0.0237452648550599
C(year)[T.2021],-0.3876769252149189,0.6590495186236208,-0.5882364135923432,0.5563736191210984,506,0.0237452648550599
C(year)[T.2022],0.42998851410673466,0.8452004364899579,0.5087414718956353,0.6109334489312672,506,0.0237452648550599
stringency_index_mean,0.033860356026769386,0.01939592914517085,1.7457455001685163,0.08085518492273207,506,0.0237452648550599
cases_pm_mean,-0.0027544832099163806,0.0008247780036837766,-3.3396661860692167,0.0008387914773671664,506,0.0237452648550599
deaths_pm_mean,0.3337035646361669,0.15932060725240926,2.094541129305924,0.03621180322008584,506,0.0237452648550599
