term,coef,se_hc1,t,p,n_obs,r2
Intercept,4.277077512062942,1.1500358237022739,3.719081983284557,0.00019994815195028607,506,0.06469482218133005
C(year)[T.2021],2.678568309257032,0.9392538292480657,2.8518045131648826,0.004347182599861993,506,0.06469482218133005
C(year)[T.2022],4.41846601917073,1.1805078076702282,3.7428520086544124,0.00018194339399690268,506,0.06469482218133005
stringency_index_mean,0.05531178340704081,0.019924319671790258,2.776093955436466,0.005501630724005383,506,0.06469482218133005
cases_pm_mean,-0.0007668737705846882,0.0008083155974261474,-0.948730635690541,0.3427576284911702,506,0.06469482218133005
deaths_pm_mean,0.39520650863657014,0.1632776554100742,2.4204567835323414,0.01550102169923884,506,0.06469482218133005
vax_filled,-0.05549734644177865,0.012091696028896754,-4.589707375140014,4.438678274675474e-06,506,0.06469482218133005
vax_missing,0.9444441674321926,0.7847068235202664,1.203563087670539,0.22875849364232115,506,0.06469482218133005
