term,coef,se_hc1,t,p,n_obs,r2
Intercept,3.453115656776525,1.3038549187273507,2.6483894850410166,0.00808762875686108,359,0.08536075570791091
C(year)[T.2021],4.163756368817147,1.0976810791087481,3.793229607453806,0.00014870053940466125,359,0.08536075570791091
C(year)[T.2022],5.921917869262421,1.3975609874453074,4.23732339587375,2.2620021458836464e-05,359,0.08536075570791091
stringency_index_mean,0.04932427515466749,0.023273533138391516,2.119329061959365,0.03406266724105122,359,0.08536075570791091
cases_pm_mean,-0.0005658427363123034,0.0008098290909308635,-0.6987187082423671,0.4847278399575551,359,0.08536075570791091
deaths_pm_mean,0.43803526970132256,0.17814576032894372,2.458858795699075,0.013937942571364208,359,0.08536075570791091
vax_end,-0.06361927281460654,0.01345784271499287,-4.72730096211711,2.275239078195268e-06,359,0.08536075570791091
