term,coef,se_hc1,t,p,n_obs,r2
Intercept,6.274798043941885,1.067236768413882,5.879480757833556,4.115554366280019e-09,506,0.023745264855059678
C(year)[T.2021],-0.387676925214912,0.6590495186236083,-0.5882364135923439,0.556373619121098,506,0.023745264855059678
C(year)[T.2022],0.4299885141067429,0.8452004364899515,0.508741471895649,0.6109334489312577,506,0.023745264855059678
stringency_index_mean,0.03386035602676912,0.019395929145170836,1.7457455001685038,0.0808551849227342,506,0.023745264855059678
cases_pm_mean,-0.0027544832099160297,0.0008247780036837582,-3.339666186068866,0.0008387914773682263,506,0.023745264855059678
deaths_pm_mean,0.3337035646361662,0.15932060725240943,2.0945411293059175,0.03621180322008642,506,0.023745264855059678
